Gene_symbol	Entrez_ID	RloopBase_tier
ADAR	103	1
AQR	9716	1
ATM	472	1
ATR	545	1
BLM	641	1
BRCA1	672	1
BRCA2	675	1
BRD4	23476	1
DDX1	1653	1
DDX21	9188	1
DDX5	1655	1
DHX9	1660	1
ERCC4	2072	1
ERCC5	2073	1
EWSR1	2130	1
EXOSC10	5394	1
FANCA	2175	1
FANCD2	2177	1
FANCI	55215	1
FANCM	57697	1
FEN1	2237	1
FUS	2521	1
HNRNPU	3192	1
MTREX	23517	1
NCL	4691	1
NONO	4841	1
POLR3G	10622	1
PRMT5	10419	1
RAD52	5893	1
RNASEH1	246243	1
RNASEH2A	10535	1
RNASEH2B	79621	1
RNASEH2C	84153	1
RNF2	6045	1
RPA1	6117	1
RPA2	6118	1
RPA3	6119	1
RTEL1	51750	1
SETX	23064	1
SF3B1	23451	1
SF3B3	23450	1
SFPQ	6421	1
SMN1	6606	1
SRSF1	6426	1
SRSF2	6427	1
TARDBP	23435	1
THOC1	9984	1
TOP1	7150	1
TOP3B	8940	1
U2AF1	7307	1
WRN	7486	1
XRN2	22803	1
ZNF346	23567	1
AGO2	27161	2
APOBEC3G	60489	2
ATAD5	79915	2
ATRX	546	2
ATXN2	6311	2
AURKA	6790	2
BRD2	6046	2
BUB3	9184	2
CDCA7	83879	2
CENPA	1058	2
CGAS	115004	2
DDX17	10521	2
DDX19B	11269	2
DDX23	9416	2
DDX39B	7919	2
ERCC6L2	375748	2
EXOG	9941	2
FAM120B	84498	2
FMR1	2332	2
GADD45A	1647	2
GLE1	2733	2
HELLS	3070	2
INO80	54617	2
LMNA	4000	2
MAT2A	4144	2
MDM2	4193	2
MDM4	4194	2
METTL3	56339	2
METTL8	79828	2
NFAT5	10725	2
PAF1	54623	2
PNPT1	87178	2
POLDIP3	84271	2
POT1	25913	2
PPP1R10	5514	2
PRIMPOL	201973	2
RAD51	5888	2
RAD9A	5883	2
RBM14	10432	2
RBM8A	9939	2
RECQL5	9400	2
RNF168	165918	2
RNGTT	8732	2
RPRD1B	58490	2
SAP130	79595	2
SIN3A	25942	2
SIRT7	51547	2
SLU7	10569	2
SMARCAL1	50485	2
SNRPA1	6627	2
SRPK2	6733	2
STAG1	10274	2
STAG2	10735	2
SUPV3L1	6832	2
TCEA1	6917	2
TCOF1	6949	2
TERF1	7013	2
TP53	7157	2
WAS	7454	2
WDR33	55339	2
XRCC5	7520	2
YTHDF2	51441	2
ZBTB24	9841	2
ZNF207	7756	2
ADARB1	104	3
AICDA	57379	3
ALKBH2	121642	3
ALKBH3	221120	3
APEX1	328	3
C1orf109	54955	3
CARM1	10498	3
CDC73	79577	3
CHEK1	1111	3
CHEK2	11200	3
DDB2	1643	3
DDX11	1663	3
DDX18	8886	3
DDX41	51428	3
DDX43	55510	3
DDX47	51202	3
DHX33	56919	3
DNMT3B	1789	3
DROSHA	29102	3
ENDOG	2021	3
ERCC6	2074	3
EXOSC3	51010	3
FANCG	2189	3
FANCL	55120	3
GRSF1	2926	3
HNRNPD	3184	3
KAT8	84148	3
KDM6B	23135	3
MDC1	9656	3
MRE11	4361	3
MYCN	4613	3
NLRP3	114548	3
NPM1	4869	3
NSD2	7468	3
OGG1	4968	3
PARP1	142	3
PCNA	5111	3
PHF2	5253	3
PHF5A	84844	3
PHF6	84295	3
PIF1	80119	3
PMS1	5378	3
POLR3A	11128	3
PRKDC	5591	3
PRMT1	3276	3
RAD1	5810	3
RECQL	5965	3
RECQL4	9401	3
RNPS1	10921	3
SAFB2	9667	3
SAMHD1	25939	3
SEM1	7979	3
SF3A3	10946	3
SP1	6667	3
SSBP1	6742	3
SSRP1	6749	3
SUPT16H	11198	3
SUPT5H	6829	3
SUPT6H	6830	3
TDRD3	81550	3
TERF2	7014	3
TRAIP	10293	3
TRDMT1	1787	3
TREX1	11277	3
UBE2B	7320	3
USP42	84132	3
XPO1	7514	3
YTHDC1	91746	3
ZPR1	8882	3
ABCF1	23	4
ACIN1	22985	4
ALDOA	226	4
ALYREF	10189	4
APOBEC3C	27350	4
CCT2	10576	4
CCT3	7203	4
CCT4	10575	4
CCT6A	908	4
CCT8	10694	4
CDC5L	988	4
CFL1	1072	4
CLTC	1213	4
CMAS	55907	4
CORO1A	11151	4
DARS1	1615	4
DDB1	1642	4
DDX3X	1654	4
DDX46	9879	4
DDX6	1656	4
DHX30	22907	4
DHX36	170506	4
DKC1	1736	4
DNAJA3	9093	4
DNMT1	1786	4
EEF1A1	1915	4
EEF1G	1937	4
EEF2	1938	4
EFTUD2	9343	4
EIF2AK2	5610	4
EIF2S1	1965	4
EIF2S3	1968	4
EIF3D	8664	4
EIF4A1	1973	4
EIF4A3	9775	4
EIF5A	1984	4
EIF5B	9669	4
ENO1	2023	4
EZR	7430	4
FAM98A	25940	4
FBL	2091	4
FIP1L1	81608	4
FRG1	2483	4
FXR1	8087	4
G3BP1	10146	4
G3BP2	9908	4
GNL3	26354	4
GTPBP4	23560	4
H1-5	3009	4
H2BC5	3017	4
HDAC1	3065	4
HEATR1	55127	4
HNRNPA0	10949	4
HNRNPA1	3178	4
HNRNPA2B1	3181	4
HNRNPA3	220988	4
HNRNPAB	3182	4
HNRNPC	3183	4
HNRNPDL	9987	4
HNRNPF	3185	4
HNRNPK	3190	4
HNRNPL	3191	4
HNRNPM	4670	4
HNRNPUL1	11100	4
HNRNPUL2	221092	4
HSP90AB1	3326	4
HSPA1A	3303	4
HSPA8	3312	4
IGF2BP1	10642	4
IGF2BP3	10643	4
ILF2	3608	4
ILF3	3609	4
KPNB1	3837	4
LARP1	23367	4
LARS1	51520	4
LBR	3930	4
MCM3	4172	4
MCM5	4174	4
MKI67	4288	4
MOV10	4343	4
MYBBP1A	10514	4
MYH9	4627	4
NAT10	55226	4
NCOA5	57727	4
NIFK	84365	4
NOL6	65083	4
NOP2	4839	4
NOP56	10528	4
NOP58	51602	4
NPM3	10360	4
PA2G4	5036	4
PABPC1	26986	4
PABPC4	8761	4
PCBP1	5093	4
PCBP2	5094	4
PDCD11	22984	4
PFN1	5216	4
PGAM5	192111	4
PGK1	5230	4
PHGDH	26227	4
PKM	5315	4
PLEC	5339	4
PLRG1	5356	4
POP1	10940	4
PPIA	5478	4
PPP2R1A	5518	4
PRDX1	5052	4
PRPF19	27339	4
PRPF3	9129	4
PRPF4	9128	4
PRPF40A	55660	4
PRPF8	10594	4
PSIP1	11168	4
PTBP1	5725	4
PWP1	11137	4
PWP2	5822	4
RAB7A	7879	4
RAC2	5880	4
RACK1	10399	4
RALY	22913	4
RARS1	5917	4
RBBP4	5928	4
RBBP6	5930	4
RBM15	64783	4
RBM25	58517	4
RBM39	9584	4
RBM4	5936	4
RBMX	27316	4
RCC2	55920	4
RTCB	51493	4
RTRAF	51637	4
RUVBL2	10856	4
SAFB	6294	4
SART1	9092	4
SART3	9733	4
SERBP1	26135	4
SLC25A5	292	4
SMARCA4	6597	4
SMARCA5	8467	4
SND1	27044	4
SNRNP200	23020	4
SNRNP70	6625	4
SNRPD1	6632	4
SNRPD2	6633	4
SNW1	22938	4
SON	6651	4
SRP14	6727	4
SRPK1	6732	4
SRRM2	23524	4
SRSF10	10772	4
SRSF7	6432	4
STAU1	6780	4
STRAP	11171	4
SYNCRIP	10492	4
TAF15	8148	4
TARS1	6897	4
TBL3	10607	4
TCP1	6950	4
THRAP3	9967	4
TRA2B	6434	4
TSR1	55720	4
U2AF2	11338	4
U2SURP	23350	4
UHRF1	29128	4
UPF1	5976	4
USP10	9100	4
UTP14A	10813	4
VARS1	7407	4
VDAC2	7417	4
VIM	7431	4
WDR3	10885	4
WDR36	134430	4
YBX1	4904	4
YBX3	8531	4
YWHAE	7531	4
ZC3H11A	9877	4
ZC3H15	55854	4
ZC3HAV1	56829	4
ZFR	51663	4
AARS1	16	5
AATF	26574	5
ABCE1	6059	5
ABCF2	10061	5
ACACA	31	5
ACADVL	37	5
ACAP1	9744	5
ACAT1	38	5
ACLY	47	5
ACO2	50	5
ACP1	52	5
ACTB	60	5
ACTR3	10096	5
ADARB2	105	5
AGK	55750	5
AGPS	8540	5
AHCTF1	25909	5
AHCY	191	5
AHNAK	79026	5
AHSA1	10598	5
AIFM1	9131	5
AIMP1	9255	5
AIMP2	7965	5
AKAP17A	8227	5
AKR1B1	231	5
AKR1B15	441282	5
ALDH18A1	5832	5
ANKHD1	54882	5
ANKRD17	26057	5
ANXA2	302	5
ANXA6	309	5
AP2A1	160	5
AP2B1	163	5
AP2M1	1173	5
AP3B1	8546	5
AP3D1	8943	5
API5	8539	5
APOBEC3B	9582	5
APOBEC3D	140564	5
ARCN1	372	5
ARF1	375	5
ARF3	377	5
ARF4	378	5
ARGLU1	55082	5
ARHGAP17	55114	5
ARHGAP4	393	5
ARHGEF1	9138	5
ARHGEF2	9181	5
ARPC2	10109	5
ASCC3	10973	5
ASNS	440	5
ATAD3A	55210	5
ATIC	471	5
ATP2A2	488	5
ATP5F1A	498	5
ATP5F1B	506	5
ATP5F1C	509	5
ATP5MG	10632	5
ATP5PB	515	5
ATP5PD	10476	5
ATP5PO	539	5
AURKB	9212	5
BAZ1B	9031	5
BAZ2A	11176	5
BCLAF1	9774	5
BMS1	9790	5
BOP1	23246	5
BRD7	29117	5
BRD9	65980	5
BRIX1	55299	5
BUD31	8896	5
C1orf35	79169	5
C1QBP	708	5
C7orf50	84310	5
CACYBP	27101	5
CAD	790	5
CAND1	55832	5
CANX	821	5
CAP1	10487	5
CAPRIN1	4076	5
CAPZA1	829	5
CAPZB	832	5
CBX3	11335	5
CBX5	23468	5
CBX8	57332	5
CCAR1	55749	5
CCAR2	57805	5
CCDC124	115098	5
CCDC137	339230	5
CCDC47	57003	5
CCDC59	29080	5
CCDC86	79080	5
CCNT1	904	5
CCT5	22948	5
CCT7	10574	5
CDC40	51362	5
CDCA8	55143	5
CDK1	983	5
CDYL	9425	5
CDYL2	124359	5
CEBPZ	10153	5
CENPC	1060	5
CENPV	201161	5
CHAF1B	8208	5
CHD4	1108	5
CHERP	10523	5
CHTOP	26097	5
CIRBP	1153	5
CKAP5	9793	5
CLASP1	23332	5
CLIC4	25932	5
CLINT1	9685	5
CLIP2	7461	5
CLUH	23277	5
COIL	8161	5
COPA	1314	5
COPB1	1315	5
COPB2	9276	5
CORO1C	23603	5
CPSF1	29894	5
CPSF7	79869	5
CRNKL1	51340	5
CRYZ	1429	5
CS	1431	5
CSDE1	7812	5
CSE1L	1434	5
CSNK1A1	1452	5
CSNK2A1	1457	5
CSNK2A2	1459	5
CTCF	10664	5
CTPS1	1503	5
CUL3	8452	5
CUL4A	8451	5
CWC25	54883	5
CYFIP2	26999	5
DAP3	7818	5
DAZAP1	26528	5
DCAF13	25879	5
DDOST	1650	5
DDX24	57062	5
DDX27	55661	5
DDX31	64794	5
DDX39A	10212	5
DDX3Y	8653	5
DDX49	54555	5
DDX50	79009	5
DDX52	11056	5
DDX54	79039	5
DDX56	54606	5
DDX58	23586	5
DECR1	1666	5
DEK	7913	5
DENND3	22898	5
DHX15	1665	5
DHX16	8449	5
DHX29	54505	5
DHX37	57647	5
DHX38	9785	5
DIAPH1	1729	5
DIMT1	27292	5
DIS3	22894	5
DIS3L	115752	5
DNAJA1	3301	5
DNAJC13	23317	5
DNAJC2	27000	5
DNAJC8	22826	5
DNTTIP2	30836	5
DOCK10	55619	5
DOCK2	1794	5
DOCK8	81704	5
DPYSL5	56896	5
DRG1	4733	5
DSG1	1828	5
DSP	1832	5
DYNC1H1	1778	5
EBNA1BP2	10969	5
EEF1A1P5	158078	5
EEF1B2	1933	5
EEF1D	1936	5
EEFSEC	60678	5
EHD1	10938	5
EHD4	30844	5
EIF2B4	8890	5
EIF2D	1939	5
EIF2S2	8894	5
EIF2S3B	255308	5
EIF3A	8661	5
EIF3B	8662	5
EIF3C	8663	5
EIF3F	8665	5
EIF3I	8668	5
EIF3L	51386	5
EIF4A2	1974	5
EIF4G1	1981	5
EIF4G2	1982	5
EIF5A2	56648	5
EIF5AL1	143244	5
EIF6	3692	5
ELAVL1	1994	5
EMC1	23065	5
EMD	2010	5
EMG1	10436	5
EML4	27436	5
EPHB6	2051	5
EPPK1	83481	5
EPRS1	2058	5
EPS8	2059	5
ERH	2079	5
ESYT1	23344	5
ETF1	2107	5
EXOSC4	54512	5
EXOSC6	118460	5
EXOSC9	5393	5
FAM120A	23196	5
FAM98B	283742	5
FARSA	2193	5
FARSB	10056	5
FASN	2194	5
FBXO31	79791	5
FCF1	51077	5
FKBP3	2287	5
FKBP4	2288	5
FLG2	388698	5
FLII	2314	5
FLNA	2316	5
FMC1	154791	5
FMNL1	752	5
FN1	2335	5
FNBP1	23048	5
FSCN1	6624	5
FTSJ3	117246	5
FUBP1	8880	5
FUBP3	8939	5
GAPDH	2597	5
GAR1	54433	5
GARS1	2617	5
GART	2618	5
GCN1	10985	5
GEMIN5	25929	5
GFPT1	2673	5
GIGYF2	26058	5
GNAI2	2771	5
GNAI3	2773	5
GNB1	2782	5
GNB2	2783	5
GNL2	29889	5
GNL3L	54552	5
GOLGA2	2801	5
GPATCH4	54865	5
GRWD1	83743	5
GTF2B	2959	5
GTF2F1	2962	5
GTF2I	2969	5
H1-0	3005	5
H1-1	3024	5
H1-10	8971	5
H1-2	3006	5
H1-3	3007	5
H2AC11	8969	5
H2AC12	85235	5
H2AC14	8331	5
H2AC18	8337	5
H2AC20	8338	5
H2AC4	8335	5
H2AC6	8334	5
H2AC7	3013	5
H2AJ	55766	5
H2AW	92815	5
H2AX	3014	5
H2BC1	255626	5
H2BC12	85236	5
H2BC13	8340	5
H2BC14	8342	5
H2BC15	8341	5
H2BC18	440689	5
H2BC9	8345	5
H3C15	333932	5
H4C1	8359	5
H4C8	8365	5
HADHA	3030	5
HADHB	3032	5
HARS1	3035	5
HBS1L	10767	5
HCFC1	3054	5
HDAC2	3066	5
HDAC8	55869	5
HDLBP	3069	5
HLA-A	3105	5
HLA-DQB1	3119	5
HLA-DRB1	3123	5
HMGB1	3146	5
HMGB2	3148	5
HMGN2	3151	5
HMGN3	9324	5
HNRNPA1L2	144983	5
HNRNPCL1	343069	5
HNRNPH1	3187	5
HNRNPH2	3188	5
HNRNPH3	3189	5
HNRNPLL	92906	5
HNRNPR	10236	5
HP1BP3	50809	5
HRAS	3265	5
HRNR	388697	5
HSD17B12	51144	5
HSD17B4	3295	5
HSP90AA1	3320	5
HSP90AB2P	391634	5
HSP90B1	7184	5
HSPA4	3308	5
HSPA5	3309	5
HSPA9	3313	5
HSPB1	3315	5
HSPD1	3329	5
HSPH1	10808	5
HUWE1	10075	5
HYOU1	10525	5
IARS1	3376	5
IDH2	3418	5
IFI16	3428	5
IGHA1	3493	5
IK	3550	5
IMMT	10989	5
IMP3	55272	5
IMP4	92856	5
IMPDH2	3615	5
INCENP	3619	5
INPP5D	3635	5
IPO5	3843	5
IPO9	55705	5
IRF4	3662	5
ISG20L2	81875	5
KARS1	3735	5
KCNK1	3775	5
KHDRBS1	10657	5
KHSRP	8570	5
KIF22	3835	5
KIF23	9493	5
KIF2A	3796	5
KIF5B	3799	5
KIFC1	3833	5
KMT2A	4297	5
KNOP1	400506	5
KPNA2	3838	5
KPRP	448834	5
KRAS	3845	5
KRI1	65095	5
KRR1	11103	5
KTN1	3895	5
LARP4B	23185	5
LBHD1	79081	5
LCP1	3936	5
LDHA	3939	5
LETM1	3954	5
LIG3	3980	5
LLPH	84298	5
LMNB1	4001	5
LMNB2	84823	5
LOC102724334	102724334	5
LONP1	9361	5
LRPPRC	10128	5
LRRC47	57470	5
LRRC59	55379	5
LSM14A	26065	5
LSP1	4046	5
LTV1	84946	5
LUC7L2	51631	5
LUC7L3	51747	5
LYAR	55646	5
MACF1	23499	5
MACROH2A1	9555	5
MAGOH	4116	5
MAGOHB	55110	5
MAK16	84549	5
MAP1S	55201	5
MAP4	4134	5
MAP4K1	11184	5
MAPRE1	22919	5
MARS1	4141	5
MATR3	9782	5
MBD2	8932	5
MBNL1	4154	5
MCM2	4171	5
MCM4	4173	5
MCM6	4175	5
ME2	4200	5
MED19	219541	5
MEPCE	56257	5
METAP2	10988	5
MFAP1	4236	5
MND1	84057	5
MNDA	4332	5
MORF4L1	10933	5
MPG	4350	5
MPHOSPH10	10199	5
MRPL12	6182	5
MRPS7	51081	5
MRTO4	51154	5
MS4A1	931	5
MSH2	4436	5
MSH3	4437	5
MSH6	2956	5
MSN	4478	5
MTA2	9219	5
MTDH	92140	5
MTHFD1	4522	5
MTHFD1L	25902	5
MYL12A	10627	5
MYO1C	4641	5
MYO1E	4643	5
MYO5A	4644	5
MYO9B	4650	5
NAA25	80018	5
NACA	4666	5
NAP1L1	4673	5
NAP1L4	4676	5
NARS1	4677	5
NCAPD2	9918	5
NCAPG	64151	5
NCAPH	23397	5
NCBP1	4686	5
NCF1	653361	5
NCF2	4688	5
NCKAP1L	3071	5
NDUFA9	4704	5
NDUFS1	4719	5
NDUFS2	4720	5
NFKB1	4790	5
NFKB2	4791	5
NGDN	25983	5
NHP2	55651	5
NKAP	79576	5
NKAPL	222698	5
NKRF	55922	5
NLE1	54475	5
NMT1	4836	5
NOC3L	64318	5
NOC4L	79050	5
NOL10	79954	5
NOL11	25926	5
NOL12	79159	5
NOL7	51406	5
NOLC1	9221	5
NOP10	55505	5
NOP16	51491	5
NOP53	29997	5
NOP9	161424	5
NOSIP	51070	5
NRAS	4893	5
NSA2	10412	5
NSUN2	54888	5
NSUN5	55695	5
NUCKS1	64710	5
NUDC	10726	5
NUFIP2	57532	5
NUMA1	4926	5
NUP133	55746	5
NUP155	9631	5
NUP205	23165	5
NUP210	23225	5
NUP214	8021	5
NUP54	53371	5
NUP58	9818	5
NUP62	23636	5
NUP93	9688	5
NUP98	4928	5
NVL	4931	5
NXF1	10482	5
OAS3	4940	5
OTUD6B	51633	5
P4HB	5034	5
PAFAH1B3	5050	5
PAICS	10606	5
PAK1IP1	55003	5
PARP2	10038	5
PCBP3	54039	5
PCF11	51585	5
PDIA3	2923	5
PDIA5	10954	5
PDIA6	10130	5
PDS5A	23244	5
PDS5B	23047	5
PEG10	23089	5
PES1	23481	5
PFKL	5211	5
PFKP	5214	5
PGAM1	5223	5
PGAM2	5224	5
PHB	5245	5
PHB2	11331	5
PHIP	55023	5
PINX1	54984	5
PIP4K2A	5305	5
PIP5K1A	8394	5
PLCG2	5336	5
PLD1	5337	5
PLEKHO1	51177	5
PNKP	11284	5
PNN	5411	5
PNO1	56902	5
POLB	5423	5
POLD1	5424	5
POLR1A	25885	5
POLR1F	221830	5
POLR1G	10849	5
POLR2A	5430	5
POLR2B	5431	5
POM121C	100101267	5
PPA1	5464	5
PPAN	56342	5
PPIB	5479	5
PPIG	9360	5
PPP1CB	5500	5
PPP1CC	5501	5
PRDX5	25824	5
PRDX6	9588	5
PRKRA	8575	5
PRPF31	26121	5
PRPF4B	8899	5
PRPF6	24148	5
PRPS1	5631	5
PRPS1L1	221823	5
PRPS2	5634	5
PRRC2A	7916	5
PRRC2C	23215	5
PSMC1	5700	5
PSMC3	5702	5
PSMD2	5708	5
PSMD3	5709	5
PSMD6	9861	5
PSME1	5720	5
PSPC1	55269	5
PTBP3	9991	5
PTPN1	5770	5
PTPN6	5777	5
PTPRC	5788	5
PUF60	22827	5
PUM1	9698	5
PUM3	9933	5
PYCR1	5831	5
PYM1	84305	5
QARS1	5859	5
RAB10	10890	5
RAB11A	8766	5
RAB13	5872	5
RAB15	376267	5
RAB1A	5861	5
RAB1B	81876	5
RAB1C	441400	5
RAB8A	4218	5
RAB8B	51762	5
RAC1	5879	5
RAC3	5881	5
RAD50	10111	5
RAE1	8480	5
RAI1	10743	5
RAN	5901	5
RANBP2	5903	5
RAP1A	5906	5
RAP1B	5908	5
RASAL3	64926	5
RAVER1	125950	5
RB1	5925	5
RBBP7	5931	5
RBM10	8241	5
RBM12B	389677	5
RBM22	55696	5
RBM26	64062	5
RBM27	54439	5
RBM28	55131	5
RBM3	5935	5
RBM34	23029	5
RBM4B	83759	5
RBM5	10181	5
RBMX2	51634	5
RBMXL1	494115	5
RCL1	10171	5
RDX	5962	5
REXO4	57109	5
RFC1	5981	5
RFC3	5983	5
RFC4	5984	5
RFC5	5985	5
RFTN1	23180	5
RIOX1	79697	5
RNF213	57674	5
RPF1	80135	5
RPF2	84154	5
RPL10A	4736	5
RPL11	6135	5
RPL12	6136	5
RPL13	6137	5
RPL13A	23521	5
RPL15	6138	5
RPL17	6139	5
RPL23	9349	5
RPL23A	6147	5
RPL24	6152	5
RPL26	6154	5
RPL27	6155	5
RPL3	6122	5
RPL30	6156	5
RPL38	6169	5
RPL4	6124	5
RPL5	6125	5
RPL6	6128	5
RPL7	6129	5
RPL7A	6130	5
RPL9	6133	5
RPLP0	6175	5
RPLP2	6181	5
RPN1	6184	5
RPN2	6185	5
RPRD2	23248	5
RPS10	6204	5
RPS11	6205	5
RPS12	6206	5
RPS13	6207	5
RPS14	6208	5
RPS15	6209	5
RPS15A	6210	5
RPS16	6217	5
RPS17	6218	5
RPS18	6222	5
RPS19	6223	5
RPS2	6187	5
RPS24	6229	5
RPS25	6230	5
RPS27A	6233	5
RPS3	6188	5
RPS3A	6189	5
RPS4X	6191	5
RPS5	6193	5
RPS6	6194	5
RPS7	6201	5
RPS8	6202	5
RPS9	6203	5
RPSA	3921	5
RRBP1	6238	5
RRP1	8568	5
RRP12	23223	5
RRP15	51018	5
RRP1B	23076	5
RRP7A	27341	5
RRP8	23378	5
RRP9	9136	5
RRS1	23212	5
RSBN1	54665	5
RSL1D1	26156	5
RSL24D1	51187	5
RUVBL1	8607	5
SAMD9	54809	5
SARNP	84324	5
SARS1	6301	5
SCAF1	58506	5
SCYL1	57410	5
SCYL2	55681	5
SENP3	26168	5
SEPTIN1	1731	5
SEPTIN2	4735	5
SEPTIN6	23157	5
SEPTIN7	989	5
SEPTIN9	10801	5
SERPINB9	5272	5
SET	6418	5
SF1	7536	5
SF3A1	10291	5
SF3B2	10992	5
SF3B6	51639	5
SFXN1	94081	5
SH3KBP1	30011	5
SKIV2L	6499	5
SLC25A11	8402	5
SLC25A12	8604	5
SLC25A13	10165	5
SLC25A3	5250	5
SLC25A6	293	5
SLC45A2	51151	5
SLIRP	81892	5
SLTM	79811	5
SMAP2	64744	5
SMARCA2	6595	5
SMARCC1	6599	5
SMC1A	8243	5
SMC3	9126	5
SMC4	10051	5
SMC6	79677	5
SMCHD1	23347	5
SMNDC1	10285	5
SMU1	55234	5
SNIP1	79753	5
SNRNP40	9410	5
SNRPB	6628	5
SNRPC	6631	5
SNRPD3	6634	5
SNRPE	6635	5
SNRPF	6636	5
SNRPG	6637	5
SNRPN	6638	5
SNU13	4809	5
SP110	3431	5
SPOUT1	51490	5
SPTAN1	6709	5
SPTBN1	6711	5
SQSTM1	8878	5
SRBD1	55133	5
SRP68	6730	5
SRP72	6731	5
SRP9	6726	5
SRPRA	6734	5
SRPRB	58477	5
SRRM1	10250	5
SRSF11	9295	5
SRSF3	6428	5
SRSF4	6429	5
SRSF5	6430	5
SRSF6	6431	5
SRSF9	8683	5
SSB	6741	5
STAT1	6772	5
STAU2	27067	5
STIP1	10963	5
STK10	6793	5
STOML2	30968	5
STRBP	55342	5
STT3A	3703	5
STT3B	201595	5
SURF6	6838	5
SUV39H1	6839	5
TAOK3	51347	5
TAP1	6890	5
TARBP2	6895	5
TARS3	123283	5
TBC1D10B	26000	5
TCERG1	10915	5
TENT4B	64282	5
TFAM	7019	5
TFG	10342	5
TFRC	7037	5
THOC2	57187	5
THYN1	29087	5
TIAL1	7073	5
TLN1	7094	5
TMEM214	54867	5
TMPO	7112	5
TNFAIP2	7127	5
TNIK	23043	5
TNRC6B	23112	5
TOP2A	7153	5
TOP2B	7155	5
TPI1	7167	5
TPR	7175	5
TPX2	22974	5
TRA2A	29896	5
TRAF1	7185	5
TRAP1	10131	5
TRIM25	7706	5
TRIM26	7726	5
TRIM28	10155	5
TRIP4	9325	5
TRMT2A	27037	5
TTC37	9652	5
TTF1	7270	5
TUBA1B	10376	5
TUBB	203068	5
TUBB4B	10383	5
TUBG1	7283	5
TUFM	7284	5
TXLNA	200081	5
UBA1	7317	5
UBAP2	55833	5
UBAP2L	9898	5
UBTF	7343	5
UFL1	23376	5
UPF3B	65109	5
UQCRC2	7385	5
USP36	57602	5
USP39	10713	5
USP7	7874	5
UTP11	51118	5
UTP15	84135	5
UTP18	51096	5
UTP23	84294	5
UTP4	84916	5
UTP6	55813	5
VAPA	9218	5
VASP	7408	5
VCP	7415	5
VDAC1	7416	5
VDAC3	7419	5
VRK1	7443	5
WARS1	7453	5
WASF2	10163	5
WDR12	55759	5
WDR43	23160	5
WDR46	9277	5
WDR55	54853	5
WDR6	11180	5
WDR74	54663	5
WDR75	84128	5
XAB2	56949	5
XRCC6	2547	5
XRN1	54464	5
YARS1	8565	5
YLPM1	56252	5
YTHDC2	64848	5
YTHDF3	253943	5
YWHAG	7532	5
YWHAQ	10971	5
YWHAZ	7534	5
ZCCHC17	51538	5
ZMYND11	10771	5
ZNF280C	55609	5
ZNF326	284695	5
ZNF512	84450	5
ZNF593	51042	5
ZNF598	90850	5
ZNF616	90317	5
ZNF668	79759	5
ZNF800	168850	5
